sample_id,carcass_id,sequence_project_id,library_prep_batch,pool,date_collected,species,sample_type,max_ct,ct_1,ct_2,ct_3,sample_conc_ng_ul,neb_protocol,fragmentation_incubation,bc_amp_cycles,init_lib_conc,concentration_of_lib_performed,new_lib_conc_ng_ul,amplification_cycles_bait_capture,cap_lib_conc,cap_lib_reamp,polyomics,organism.x,total.x,secondary,supplementary,duplicates,mapped,paired,read1,read2,properly_paired,with_itself_and_mate_mapped,singletons,mate_on_diff_chr,mate_on_diff_chrover5,total.y,mean,granular_third_quartile,granular_median,granular_first_quartile,%_bases_above_15,filename,organism.y,amisuccessful,frac_mapped,frac_duplicates
AN16-06-T_S4,AN16-06,1447,1,NA,29/04/2017,sheep,tissue,28,28,27,27,1.4,Chapter 1,8 min,5,0.472,yes,2.12,12,0.16,yes,,anthrax,2002470,0,1202,1331598,1633991,2001268,1000634,1000634,1620164,1622776,10013,0,0,22196690,4.79,7,5,3,2.7,AN16-06-T_S4 ,anthrax,no,0.8159877551224238,0.6649777524756926
not-sequenced,AN16-06,not-sequenced,1,NA,29/04/2017,sheep,swab,28,27,27,28,3.2,Chapter 1,8 min,5,0.507,yes,undetectable,12,0.11,yes,no evidence of lib,anthrax,NA,NA,NA,NA,NA,NA,NA,NA,NA,NA,NA,NA,NA,NA,NA,NA,NA,NA,NA,NA,NA,NA,NA,NA
AN16-06-B_S14,AN16-06,1447,1,NA,29/04/2017,sheep,blood,20,19,18,20,3.1,Chapter 1,8 min,5,6.85,yes,14.2,12,13.2,,,anthrax,16494712,0,477666,615720,16151277,16017046,8008523,8008523,14344802,15601506,72105,0,0,1107850253,238.87,298,229,169,100.0,AN16-06-B_S14 .csv,anthrax,yes,0.9791790847879005,0.03732832679952217
AN16-06-I_S29,AN16-06,1447,2,NA,29/04/2017,sheep,insect,37,37,35,35,0.55,Chapter 1,8 min,6,8.7,yes,5.92,12,0.37,yes,,anthrax,7981644,0,3614,3141259,3594698,7978030,3989015,3989015,3535442,3563014,28070,0,0,30467023,6.57,10,7,4,5.9,AN16-06-I_S29 ,anthrax,no,0.45037062539998024,0.39356039933627707
AN16-120-S_S23,AN16-120,1447,1,NA,23/07/2016,sheep,swab,20,20,20,20,2.1,Chapter 1,8 min,5,5.27,yes,14.7,12,15.7,,,anthrax,9701900,0,638084,329954,9572386,9063816,4531908,4531908,8747334,8889236,45066,0,0,629093268,135.64,166,130,100,100.0,AN16-120-S_S23 ,anthrax,yes,0.986650656057061,0.0340092146899061
AN16-130-T_S25,AN16-130,1447,1,NA,17/10/2016,sheep,tissue,24,22.5,23,24,2.62,Chapter 1,8 min,5,8.98,yes,20.2,12,2.7,,,anthrax,7061343,0,315293,423553,6676126,6746050,3373025,3373025,6273556,6294018,66815,0,0,436005000,94.01,121,88,62,99.6,AN16-130-T_S25 ,anthrax,yes,0.9454470629737147,0.059981932615367925
AN16-130-S_S36,AN16-130,1447,1,NA,17/10/2016,sheep,swab,35,35,35,35,2.5,Chapter 1,8 min,5,14.6,,,12,0.28,yes,,anthrax,5864007,0,7179,521678,681103,5856828,2928414,2928414,517970,521352,152572,0,0,8299541,1.79,3,2,1,0.8,AN16-130-S_S36 ,anthrax,no,0.11614975902996023,0.08896271781394531
not-sequenced,AN16-132,not-sequenced,1,NA,21/03/2017,cow,tissue,22,21,20,22,1.1,Chapter 1,8 min,5,0.211,yes,undetectable,12,undetectable,yes,no evidence of lib,anthrax,NA,NA,NA,NA,NA,NA,NA,NA,NA,NA,NA,NA,NA,NA,NA,NA,NA,NA,NA,NA,NA,NA,NA,NA
AN16-132-I_S32,AN16-132,1447,2,NA,21/03/2017,cow,insect,26,26,26,26,4.25,Chapter 1,8 min,6,41.4,,,12,3.06,yes,,anthrax,9065119,0,3515,1632697,4432180,9061604,4530802,4530802,4127350,4141100,287565,0,0,194096392,41.85,47,38,30,98.6,AN16-132-I_S32 ,anthrax,yes,0.4889268414457659,0.1801076191057172
AN16-135-2-T_S1,AN16-135-2,1447,1,NA,20/10/2016,unknown,tissue,19,19,19,18,13,Chapter 1,8 min,5,18.3,,,12,4,,,anthrax,12631531,0,94515,630295,11247577,12537016,6268508,6268508,10826834,11106270,46792,0,0,779672837,168.11,204,164,130,100.0,AN16-135-2-T_S1 ,anthrax,yes,0.890436559115439,0.04989854357322165
AN16-14-S_S3,AN16-14,1447,1,NA,16/09/2016,cow,swab,22,21,22,22,3.2,Chapter 1,8 min,5,5.44,yes,14.1,12,4.8,,,anthrax,13181242,0,14206,850233,12988174,13167036,6583518,6583518,12879650,12923350,50618,0,0,900416560,194.15,242,187,139,100.0,AN16-14-S_S3 ,anthrax,yes,0.9853528218357572,0.06450325394223094
AN16-144-S_S40,AN16-144,1447,2,NA,18/10/2016,sheep,swab,26,24,25,26,2.72,Chapter 1,8 min,6,35,,,12,2.98,yes,,anthrax,6822094,0,170114,1464397,6313639,6651980,3325990,3325990,6101676,6119124,24401,0,0,346568266,74.73,91,74,58,99.9,AN16-144-S_S40 ,anthrax,yes,0.925469364684802,0.21465506045504504
AN16-145-B_S1,AN16-145,1499,3,1,19/10/2016,sheep,blood,25,25,23,24,1,Chapter 1,8 min,6,12,,,15,66,,,anthrax,15383559,0,122375,1235115,15249978,15261184,7630592,7630592,14655608,15112960,14643,0,0,1026380788,221.31,268,214,169,100.0,AN16-145-B_S1 ,anthrax,yes,0.9913166387570003,0.08028798797469429
AN16-145-S_S2,AN16-145,1499,3,1,19/10/2016,sheep,swab,22,20,19,22,3.5,Chapter 1,8 min,6,37,,,15,66,,,anthrax,32244050,0,1247564,2794894,31281918,30996486,15498243,15498243,29339346,29535486,498868,0,0,1955954348,421.74,500,403,293,100.0,AN16-145-S_S2 ,anthrax,yes,0.9701609444223043,0.08667937185310158
AN16-149-1-T_S26,AN16-149-1,1447,1,NA,21/10/2016,cow,tissue,37,undetectable,37,undetectable,0.46,Chapter 1,8 min,5,3.81,yes,11.9,12,9.8,,no reads,anthrax,63955,0,9,154,1273,63946,31973,31973,1132,1188,76,0,0,71677,0.02,1,1,1,0.0,AN16-149-1-T_S26 ,anthrax,no,0.019904620436244233,0.0024079430849816277
AN16-149-2-T_S27,AN16-149-2,1447,1,NA,21/10/2016,cow,tissue,26,26,25,26,23.1,Chapter 1,8 min,5,15.5,,,12,15.9,,,anthrax,24754236,0,412916,989695,24638184,24341320,12170660,12170660,22576160,24186262,39006,0,0,1714969017,369.78,458,353,264,100.0,AN16-149-2-T_S27 ,anthrax,yes,0.9953118326899687,0.03998083398736281
AN16-150-T_S24,AN16-150,1447,1,NA,21/10/2016,cow,tissue,35,35,34,35,1.51,Chapter 1,8 min,5,7.84,yes,17.5,12,0.68,yes,,anthrax,8871934,0,6248,174070,286033,8865686,4432843,4432843,240554,241908,37877,0,0,5782153,1.25,3,2,1,0.2,AN16-150-T_S24 ,anthrax,no,0.0322402082792771,0.01962029924929559
AN16-150-B_S35,AN16-150,1447,1,NA,21/10/2016,cow,blood,31,31,29,30,1.51,Chapter 1,8 min,5,6.12,yes,13.9,12,0.78,yes,,anthrax,9215161,0,57603,2519344,5272043,9157558,4578779,4578779,4899772,5185272,29168,0,0,200320262,43.19,54,43,34,98.8,AN16-150-B_S35 ,anthrax,yes,0.5721053598520959,0.2733912082491017
AN16-152R-T_S34,AN16-152R,1447,1,NA,25/11/2016,sheep,tissue,26,23,26,26,11.8,Chapter 1,8 min,5,14.1,,,12,0.68,yes,,anthrax,8479266,0,169862,2498929,5641992,8309404,4154702,4154702,5013638,5446606,25524,0,0,219996766,47.44,60,46,34,98.1,AN16-152R-T_S34 ,anthrax,yes,0.6653868389079903,0.29471053272771486
AN16-152R-S_S37,AN16-152R,1447,1,NA,25/11/2016,sheep,swab,30,27,26,30,3.03,Chapter 1,8 min,5,8.04,yes,19.4,12,1.76,yes,,anthrax,6051634,0,179372,872726,4089963,5872262,2936131,2936131,3844440,3864542,46049,0,0,223486123,48.19,59,47,37,99.3,AN16-152R-S_S37 ,anthrax,yes,0.6758444083036086,0.1442132819003925
AN16-165-B_S12,AN16-165,1447,1,NA,26/01/2017,sheep,blood,35,33,33,35,1.5,Chapter 1,8 min,5,3.26,yes,5.26,12,0.2,yes,,anthrax,5616329,0,1003,1113885,1248384,5615326,2807663,2807663,890642,898320,349061,0,0,5689180,1.23,1,1,1,0.4,AN16-165-B_S12 ,anthrax,no,0.22227757668754805,0.19832972747857186
AN16-165-S_S22,AN16-165,1447,1,NA,26/01/2017,sheep,swab,20,20,20,20,1,Chapter 1,8 min,5,4.24,yes,9.94,12,8.6,,extra reads?,anthrax,32708157,0,2162857,1498453,32345531,30545300,15272650,15272650,29699008,30077404,105270,0,0,2084186520,449.39,500,432,331,100.0,AN16-165-S_S22 ,anthrax,yes,0.9889132854535339,0.04581282277689935
AN16-171-T_S45,AN16-171,1447,2,NA,14/12/2016,sheep,swab,30,30,30,30,2,Chapter 1,8 min,6,8.14,yes,3.6,12,0.36,yes,,anthrax,4668613,0,1397,147680,182231,4667216,2333608,2333608,166962,169888,10946,0,0,1733387,0.37,1,1,1,0.1,AN16-171-T_S45 ,anthrax,no,0.03903322035902312,0.031632521264881024
AN16-174-T_S28,AN16-174,1447,2,NA,14/12/2016,zebra,tissue,21,21,20,21,25.4,Chapter 1,8 min,6,63.2,,,12,2.9,,,anthrax,7194857,0,20775,583643,6068261,7174082,3587041,3587041,5953770,6036482,11004,0,0,403173094,86.93,106,85,66,99.9,AN16-174-T_S28 ,anthrax,yes,0.8434164848585594,0.08111947186719624
AN16-175-T_S3,AN16-175,1499,3,1,30/04/2017,sheep,tissue,23,23,23,22,4.5,Chapter 1,8 min,6,63,,,15,66,,,anthrax,539623,0,14949,25083,323916,524674,262337,262337,301726,304744,4223,0,0,20720004,4.47,7,5,3,0.3,AN16-175-T_S3 ,anthrax,no,0.6002635173074535,0.04648245163753213
not-sequenced,AN16-79,not-sequenced,4,NA,04/09/2016,sheep,tissue,26,24,25,26,8.3,Chapter 2,8 min,6,2.17,,,NA,,,,anthrax,NA,NA,NA,NA,NA,NA,NA,NA,NA,NA,NA,NA,NA,NA,NA,NA,NA,NA,NA,NA,NA,NA,NA,NA
AN16-90-S_S33,AN16-90,1447,2,NA,17/10/2016,sheep,swab,31,29,30,31,2.15,Chapter 1,8 min,6,43.6,,,12,0.77,yes,,anthrax,6925325,0,55699,1709826,2764264,6869626,3434813,3434813,2449818,2675922,32643,0,0,73875153,15.93,21,16,12,55.3,AN16-90-S_S33 ,anthrax,no,0.3991529639403205,0.24689469447282258
AN17-01-T_S5,AN17-01-A,1447,1,NA,30/04/2017,goat,tissue,24,24,23,24,4,Chapter 1,8 min,5,5.51,yes,17,12,2.28,yes,,anthrax,6805988,0,4128,651573,5846933,6801860,3400930,3400930,5802776,5814152,28653,0,0,385576417,83.14,104,81,61,99.7,AN17-01-T_S5 ,anthrax,yes,0.8590865866939524,0.09573525548384745
AN17-01-B_S15,AN17-01-A,1447,1,NA,30/04/2017,goat,blood,19,18,18,19,1.4,Chapter 1,8 min,5,5.6,yes,15.1,12,1.27,yes,,anthrax,6322348,0,10986,227148,739542,6311362,3155681,3155681,692114,725910,2646,0,0,36841819,7.94,11,8,6,8.5,AN17-01-B_S15 ,anthrax,no,0.11697268166826628,0.03592779138383398
AN17-18-B_S13,AN17-18,1447,1,NA,20/02/2017,donkey,blood,28,27,26,28,1.3,Chapter 1,8 min,5,5.15,yes,12.9,12,2.04,yes,,anthrax,8369846,0,108956,1615980,6604212,8260890,4130445,4130445,6045216,6466326,28930,0,0,360923454,77.82,96,75,57,99.8,AN17-18-B_S13 ,anthrax,yes,0.7890482094891591,0.19307165269229565
not-sequenced,AN17-182,not-sequenced,4,NA,19/08/2017,goat,tissue,22,22,21,22,21.1,Chapter 2,8 min,6,1.67,,,NA,,,,anthrax,NA,NA,NA,NA,NA,NA,NA,NA,NA,NA,NA,NA,NA,NA,NA,NA,NA,NA,NA,NA,NA,NA,NA,NA
AN17-183_S18,AN17-183,1607,4,NA,19/08/2017,sheep,tissue,25,24,24,25,22.9,Chapter 2,8 min,6,6.48,,,14,0.45,,,anthrax,7038015,0,105721,1679780,3071634,6932294,3466147,3466147,2888344,2925020,40893,0,0,95393320,20.57,25,18,13,60.3,AN17-183_S18 ,anthrax,no,0.4364347049558718,0.2386724097632642
not-sequenced,AN17-184,not-sequenced,4,NA,19/08/2017,goat,tissue,25,25,24,25,53.5,Chapter 2,8 min,6,0.48,,,NA,NA,,,anthrax,NA,NA,NA,NA,NA,NA,NA,NA,NA,NA,NA,NA,NA,NA,NA,NA,NA,NA,NA,NA,NA,NA,NA,NA
AN17-186_S9,AN17-186,1607,4,NA,20/08/2017,sheep,tissue,25,24,23,25,40,Chapter 2,8 min,6,8.4,,,14,0.57,,,anthrax,6396386,0,64828,1665448,5006260,6331558,3165779,3165779,4742994,4927398,14034,0,0,242353650,52.26,65,51,39,99.4,AN17-186_S9 ,anthrax,yes,0.7826700890158912,0.26037327953628814
AN17-187_S19,AN17-187,1607,4,NA,20/08/2017,sheep,tissue,24,24,23,24,17.2,Chapter 2,8 min,6,20.2,,,14,0.91,,,anthrax,2150739,0,83833,100011,1678733,2066906,1033453,1033453,1551160,1575924,18976,0,0,109345258,23.58,30,23,18,83.8,AN17-187_S19 ,anthrax,yes,0.7805377593469035,0.04650076090125301
AN17-189_S20,AN17-189,1607,4,NA,21/08/2017,sheep,tissue,25,23,24,25,21.5,Chapter 2,8 min,6,16.7,,,14,0.74,,,anthrax,8033531,0,162583,1317313,5144692,7870948,3935474,3935474,4892330,4950774,31335,0,0,270024921,58.22,71,55,43,99.7,AN17-189_S20 ,anthrax,yes,0.6404023336687192,0.16397683658655204
AN17-190_S22,AN17-190,1607,4,NA,21/08/2017,sheep,tissue,19,19,19,19,36.4,Chapter 2,8 min,6,22.1,,,14,1.54,,,anthrax,8838502,0,281748,655377,8083501,8556754,4278377,4278377,7628792,7745594,56159,0,0,525590584,113.33,135,109,87,100.0,AN17-190_S22 ,anthrax,yes,0.9145781717309109,0.07415023496063021
AN17-191_S1,AN17-191,1607,4,NA,21/08/2017,sheep,tissue,25,24,24,25,51,Chapter 2,8 min,6,8.26,,,14,0.48,,,anthrax,7129812,0,137858,1908307,3604015,6991954,3495977,3495977,3327300,3336340,129817,0,0,115944323,25,33,24,17,81.3,AN17-191_S1 ,anthrax,yes,0.5054852778726845,0.26765179783141546
AN17-194_S1,AN17-194,1607,4,NA,22/08/2017,sheep,tissue,24,24,22,23,24.1,Chapter 2,8 min,6,7.29,,,14,0.58,,,anthrax,2130341,0,4749,146738,1529162,2125592,1062796,1062796,1501214,1511366,13047,0,0,101036630,21.79,26,17,12,58.1,AN17-194_S1 ,anthrax,no,0.717801516283074,0.06888005253619021
AN17-196_S11,AN17-196,1607,4,NA,22/08/2017,sheep,tissue,27,25,25,27,9.08,Chapter 2,8 min,6,10.5,,,14,0.53,,,anthrax,7784683,0,469819,1735010,4833135,7314864,3657432,3657432,4252722,4277286,86030,0,0,194322200,41.9,53,40,30,97.3,AN17-196_S11 ,anthrax,yes,0.6208518702688344,0.22287484281633563
AN17-197_S30,AN17-197,1607,4,NA,22/08/2017,sheep,tissue,23,21,21,23,7.03,Chapter 2,8 min,6,8.43,,,14,0.89,,,anthrax,7327413,0,362197,960156,6543886,6965216,3482608,3482608,5994840,6049514,132175,0,0,381496877,82.26,100,80,63,99.9,AN17-197_S30 ,anthrax,yes,0.893069081816461,0.13103615150394826
AN17-20-S_S41,AN17-20,1447,2,NA,23/02/2017,sheep,swab,28,28,27,26,2.13,Chapter 1,8 min,6,24.2,,,12,1.54,yes,,anthrax,5712816,0,21090,1549842,3442350,5691726,2845863,2845863,3220528,3306016,115244,0,0,136190091,29.36,36,29,23,92.8,AN17-20-S_S41 ,anthrax,yes,0.6025662300343648,0.27129212633489336
AN17-200_S29,AN17-200,1607,4,NA,23/08/2017,sheep,tissue,20,20,20,20,23,Chapter 2,8 min,6,15.8,,,14,1.75,,,anthrax,4498484,0,210970,181733,4241191,4287514,2143757,2143757,3948712,3989854,40367,0,0,282081751,60.82,75,59,45,99.7,AN17-200_S29 ,anthrax,yes,0.9428045092524504,0.04039872099133841
not-sequenced,AN17-211,not-sequenced,4,NA,24/08/2017,sheep,tissue,20,20,20,20,15.3,Chapter 2,8 min,6,0.15,,,NA,,,,anthrax,NA,NA,NA,NA,NA,NA,NA,NA,NA,NA,NA,NA,NA,NA,NA,NA,NA,NA,NA,NA,NA,NA,NA,NA
AN17-212-S_S5,AN17-212,1607,5,2,24/08/2017,sheep,swab,27,27,24,26,5.3,Chapter 1,10 min,7,29,,,14,1.92,,,anthrax,8305101,0,213309,932906,5772623,8091792,4045896,4045896,5475686,5510758,48556,0,0,338314890,72.95,93,70,50,99.3,AN17-212-S_S5 ,anthrax,yes,0.6950695723026126,0.11232927811473936
not-sequenced,AN17-216,not-sequenced,5,NA,25/08/2017,sheep,blood,24,23,23,24,13.4,Chapter 1,10 min,7,0.52,,,NA,,,,anthrax,NA,NA,NA,NA,NA,NA,NA,NA,NA,NA,NA,NA,NA,NA,NA,NA,NA,NA,NA,NA,NA,NA,NA,NA
not-sequenced,AN17-217,not-sequenced,4,NA,26/08/2017,sheep,tissue,25,25,23,23,26.2,Chapter 2,8 min,6,1.08,,,NA,,,,anthrax,NA,NA,NA,NA,NA,NA,NA,NA,NA,NA,NA,NA,NA,NA,NA,NA,NA,NA,NA,NA,NA,NA,NA,NA
not-sequenced,AN17-218,not-sequenced,4,NA,26/08/2017,sheep,tissue,25,24,24,25,40.3,Chapter 2,8 min,6,0.17,,,NA,NA,,,anthrax,NA,NA,NA,NA,NA,NA,NA,NA,NA,NA,NA,NA,NA,NA,NA,NA,NA,NA,NA,NA,NA,NA,NA,NA
AN17-219_S3,AN17-219,1607,4,NA,26/08/2017,sheep,tissue,25,25,24,25,13.9,Chapter 2,8 min,6,9.8,,,14,0.63,,,anthrax,8584109,0,375441,1705926,6124650,8208668,4104334,4104334,5622112,5647482,101727,0,0,297386661,64.12,79,62,48,99.8,AN17-219_S3 ,anthrax,yes,0.7134869792543408,0.19873070111295185
AN17-22-S_S42,AN17-22,1447,2,NA,23/02/2017,sheep,swab,36,35,33,36,3.19,Chapter 1,8 min,6,29.4,,,12,2.7,yes,,anthrax,907623,0,351,7601,26313,907272,453636,453636,18778,18794,7168,0,0,782069,0.17,1,1,1,0.2,AN17-22-S_S42 ,anthrax,no,0.028991111948463183,0.008374622502955523
not-sequenced,AN17-222,not-sequenced,4,NA,26/08/2017,sheep,tissue,25,25,24,24,13.3,Chapter 2,8 min,6,0.16,,,NA,NA,,,anthrax,NA,NA,NA,NA,NA,NA,NA,NA,NA,NA,NA,NA,NA,NA,NA,NA,NA,NA,NA,NA,NA,NA,NA,NA
AN17-223_S10,AN17-223,1607,4,NA,26/08/2017,sheep,tissue,22,22,22,22,13.1,Chapter 2,8 min,6,8.87,,,14,0.75,,,anthrax,4204829,0,240885,463614,3694576,3963944,1981972,1981972,3350942,3391916,61775,0,0,218417580,47.09,58,46,35,99.2,AN17-223_S10 ,anthrax,yes,0.8786507132632504,0.11025751582287889
not-sequenced,AN17-224,not-sequenced,4,NA,26/08/2017,sheep,tissue,25,25,23,25,39.4,Chapter 2,8 min,6,0.77,,,NA,,,,anthrax,NA,NA,NA,NA,NA,NA,NA,NA,NA,NA,NA,NA,NA,NA,NA,NA,NA,NA,NA,NA,NA,NA,NA,NA
AN17-225_S21,AN17-225,1607,4,NA,26/08/2017,sheep,tissue,24,22,23,24,9.44,Chapter 2,8 min,6,15.9,,,14,1.34,,,anthrax,4504320,0,167796,254328,4197129,4336524,2168262,2168262,3937702,4003824,25509,0,0,278003864,59.94,73,58,46,99.8,AN17-225_S21 ,anthrax,yes,0.9318008045609548,0.05646312872975277
AN17-228-S_S4,AN17-228,1607,5,1,27/08/2017,sheep,swab,28,28,25,26,4.24,Chapter 1,10 min,7,30.2,,,14,1.88,,,anthrax,4563491,0,74315,257698,1412671,4489176,2244588,2244588,1286760,1300828,37528,0,0,75140546,16.2,21,15,11,49.1,AN17-228-S_S4 ,anthrax,no,0.30955928257555454,0.05646948794245458
AN17-26-B_S38,AN17-26,1447,1,NA,27/04/2017,sheep,blood,28,28,27,28,1.43,Chapter 1,8 min,5,11.8,yes,21.8,12,2.26,yes,,anthrax,6595015,0,116323,932694,5030536,6478692,3239346,3239346,4844876,4884204,30009,0,0,294365591,63.47,79,62,48,99.6,AN17-26-B_S38 ,anthrax,yes,0.7627785531951027,0.14142409077159035
AN17-26-S_S39,AN17-26,1447,1,NA,27/04/2017,sheep,swab,30,30,30,30,10.6,Chapter 1,8 min,5,13.2,yes,25.8,12,1.14,yes,,anthrax,6854948,0,7484,103522,282188,6847464,3423732,3423732,252728,253320,21384,0,0,10268636,2.21,4,3,2,0.4,AN17-26-S_S39 ,anthrax,no,0.041165593086920575,0.015101792165308913
AN17-269-T_S39,AN17-269,1607,5,1,14/11/2017,sheep,tissue,23,22,22,23,29.5,Chapter 1,10 min,7,40.4,,,14,1.88,,,anthrax,7851908,0,14906,642079,3515199,7837002,3918501,3918501,3451202,3493078,7215,0,0,210781826,45.45,57,45,33,98.1,AN17-269-T_S39 ,anthrax,yes,0.4476872372931522,0.08177362750556935
AN17-27-A-T_S4,AN17-27-A,1499,3,2,28/04/2017,sheep,tissue,20,20,20,20,6.2,Chapter 1,8 min,6,23,,,15,36,,,anthrax,8480655,0,3473,1046964,8056152,8477182,4238591,4238591,8034818,8045602,7077,0,0,513035877,110.62,149,99,61,98.6,AN17-27-A-T_S4 ,anthrax,yes,0.9499445502735343,0.12345320025398981
AN17-27-A-S_S6,AN17-27-A,1499,3,2,28/04/2017,sheep,swab,25,24,24,25,1.5,Chapter 1,8 min,6,30,,,15,36,,,anthrax,24878232,0,2512774,3363086,24530665,22365458,11182729,11182729,21794634,21945664,72227,0,0,1346867810,290.41,355,276,210,100.0,AN17-27-A-S_S6 ,anthrax,yes,0.9860292724981422,0.1351818730527153
AN17-271-T_S37,AN17-271,1607,5,4,15/11/2017,cow,tissue,25,24,23,25,4.95,Chapter 1,10 min,7,39.8,,,14,1.51,,,anthrax,4348808,0,11762,168826,2892553,4337046,2168523,2168523,2837502,2877254,3537,0,0,201237186,43.39,55,42,31,96.8,AN17-271-T_S37 ,anthrax,yes,0.6651369754654609,0.0388212126173425
AN17-277-T_S41,AN17-277,1607,5,8,16/11/2017,sheep,tissue,25,23,25,25,14.6,Chapter 1,10 min,7,36.4,,,14,1.44,,,anthrax,4213457,0,3867,90440,720135,4209590,2104795,2104795,702026,715008,1260,0,0,46169613,9.95,14,10,8,16.1,AN17-277-T_S41 ,anthrax,no,0.17091310057276007,0.02146455986141546
not-sequenced,AN17-33,not-sequenced,3,NA,20/02/2017,sheep,tissue,19,19,18,19,1,Chapter 1,8 min,6,undetectable,,,NA,NA,,,anthrax,NA,NA,NA,NA,NA,NA,NA,NA,NA,NA,NA,NA,NA,NA,NA,NA,NA,NA,NA,NA,NA,NA,NA,NA
AN17-330-S_S7,AN17-330,1447,2,NA,04/12/2017,wildebeest,swab,34,34,34,34,5.3,Chapter 1,8 min,6,48.4,,,12,0.39,yes,,anthrax,6004188,0,204,85220,121321,6003984,3001992,3001992,93320,94146,26971,0,0,1574204,0.34,1,1,1,0.3,AN17-330-S_S7 ,anthrax,no,0.02020606283480797,0.014193426321760745
AN17-338-S_S6,AN17-338,1447,2,NA,18/12/2017,wildebeest,swab,26,25,24,26,0.71,Chapter 1,8 min,6,10.5,yes,6.46,12,3.02,yes,,anthrax,7389871,0,21261,1186596,6594645,7368610,3684305,3684305,6433310,6517656,55728,0,0,397533783,85.71,104,84,67,99.9,AN17-338-S_S6 ,anthrax,yes,0.8923897318369969,0.16057059724046605
AN17-381-T_S24,AN17-381,1607,5,9,17/11/2017,sheep,tissue,28,27,27,28,23.7,Chapter 1,10 min,7,52,,,14,1.29,,,anthrax,2112649,0,4125,4548,57683,2108524,1054262,1054262,51606,51768,1790,0,0,3282171,0.71,2,1,1,0.0,AN17-381-T_S24 ,anthrax,no,0.027303636335236,0.0021527475695205405
AN17-384-S_S32,AN17-384,1607,5,5,20/11/2017,sheep,swab,27,26,26,27,3.22,Chapter 1,10 min,7,30.2,,,14,1.41,,,anthrax,4341887,0,80801,415209,2389531,4261086,2130543,2130543,2265788,2277060,31670,0,0,137485439,29.64,37,29,23,93.3,AN17-384-S_S32 ,anthrax,yes,0.550343894256115,0.09562869784496925
AN17-387-S_S33,AN17-387,1607,5,4,21/11/2017,sheep,swab,25,25,25,25,4.73,Chapter 1,10 min,7,33.3,,,14,1.51,,,anthrax,5370605,0,135371,429649,2058779,5235234,2617617,2617617,1807620,1816280,107128,0,0,103572180,22.33,29,21,15,73.4,AN17-387-S_S33 ,anthrax,no,0.3833421001916916,0.08000011171925696
not-sequenced,AN17-389,not-sequenced,5,NA,23/11/2017,sheep,swab,18,18,17,18,4.22,Chapter 1,10 min,7,0.23,,,NA,,,,anthrax,NA,NA,NA,NA,NA,NA,NA,NA,NA,NA,NA,NA,NA,NA,NA,NA,NA,NA,NA,NA,NA,NA,NA,NA
AN17-394-T_S40,AN17-394,1607,5,7,24/11/2017,sheep,tissue,26,25,26,26,3.63,Chapter 1,10 min,7,40.7,,,14,1.41,,,anthrax,2099888,0,3982,80677,888284,2095906,1047953,1047953,868004,883532,770,0,0,59485835,12.83,17,13,10,34.5,AN17-394-T_S40 ,anthrax,no,0.42301494174927423,0.038419668096584196
AN17-398-S_S34,AN17-398,1607,5,9,25/11/2017,sheep,swab,25,24,24,25,4.49,Chapter 1,10 min,7,23.7,,,14,1.29,,,anthrax,4401305,0,60497,319040,3591529,4340808,2170404,2170404,3364156,3515744,15288,0,0,235371717,50.75,64,50,37,98.3,AN17-398-S_S34 ,anthrax,yes,0.8160145684064158,0.07248759174835645
AN17-399-T_S26,AN17-399,1607,5,2,25/11/2017,sheep,tissue,20,19,19,20,11.6,Chapter 1,10 min,7,41.2,,,14,1.92,,,anthrax,4326346,0,47118,178274,3184052,4279228,2139614,2139614,2948996,3105404,31530,0,0,218979540,47.22,64,43,26,91.2,AN17-399-T_S26 ,anthrax,yes,0.7359679507834094,0.041206597900399086
AN17-400-S_S28,AN17-400,1607,5,8,24/11/2017,sheep,swab,26,25,25,26,11.1,Chapter 1,10 min,7,38.8,,,14,1.44,,,anthrax,4483980,0,34330,94459,656505,4449650,2224825,2224825,586214,591334,30841,0,0,34876430,7.52,10,7,5,6.0,AN17-400-S_S28 ,anthrax,no,0.14641122395728795,0.02106588343391362
AN17-42-T_S5,AN17-42,1499,3,2,26/02/2017,sheep,tissue,25,25,25,21,5.2,Chapter 1,8 min,6,58,,,15,36,,,anthrax,1354712,0,20916,97347,755694,1333796,666898,666898,667204,729656,5122,0,0,46693396,10.07,14,10,7,18.2,AN17-42-T_S5 ,anthrax,no,0.5578263128989778,0.07185807758401785
not-sequenced,AN17-45,not-sequenced,4,NA,24/07/2017,sheep,swab,29,27,26,29,3.62,Chapter 2,8 min,6,1.65,,,NA,,,,anthrax,NA,NA,NA,NA,NA,NA,NA,NA,NA,NA,NA,NA,NA,NA,NA,NA,NA,NA,NA,NA,NA,NA,NA,NA
AN17-47_S31,AN17-47,1607,4,NA,25/07/2017,sheep,swab,26,25,24,26,8.53,Chapter 2,8 min,6,6.26,,,14,0.39,,,anthrax,2271741,0,83945,775362,1701777,2187796,1093898,1093898,1583372,1606406,11426,0,0,62434977,13.46,18,14,10,38.2,AN17-47_S31 ,anthrax,no,0.749106962457428,0.34130739375659463
not-sequenced,AN17-91,not-sequenced,4,NA,04/07/2017,goat,tissue,22,22,21,21,47.2,Chapter 2,8 min,6,3.56,,,NA,,,,anthrax,NA,NA,NA,NA,NA,NA,NA,NA,NA,NA,NA,NA,NA,NA,NA,NA,NA,NA,NA,NA,NA,NA,NA,NA
AN18-404-T_S16,AN18-404,1607,5,3,19/01/2018,sheep,tissue,24,23,23,24,32.3,Chapter 1,10 min,7,48,,,14,2.97,,,anthrax,3294048,0,28428,76790,643268,3265620,1632810,1632810,601264,604656,10184,0,0,38680061,8.34,12,8,5,12.0,AN18-404-T_S16 ,anthrax,no,0.19528191453190724,0.023311742876849395
AN18-405-T_S14,AN18-405,1607,5,3,20/01/2018,sheep,tissue,20,19,19,20,44.2,Chapter 1,10 min,7,52,,,14,2.97,,,anthrax,3975589,0,158659,151702,3157845,3816930,1908465,1908465,2947500,2971126,28060,0,0,206248836,44.47,57,43,31,96.8,AN18-405-T_S14 ,anthrax,yes,0.7943087175258811,0.03815837099861178
AN18-408-S_S11,AN18-408,1447,2,NA,22/01/2018,wildebeest,swab,33,32,32,33,3.64,Chapter 1,8 min,6,49.4,,,12,0.36,yes,,anthrax,7997345,0,945,466489,651501,7996400,3998200,3998200,583512,586850,63706,0,0,10476108,2.26,4,2,2,0.7,AN18-408-S_S11 ,anthrax,no,0.08146466108439739,0.05833048342918806
AN18-409-T_S15,AN18-409,1607,5,2,22/01/2018,sheep,tissue,24,23,23,24,29.6,Chapter 1,10 min,7,49.5,,,14,1.92,,,anthrax,4842260,0,21282,180436,1152487,4820978,2410489,2410489,1065350,1118862,12343,0,0,68725951,14.82,20,14,10,43.9,AN18-409-T_S15 ,anthrax,no,0.23800601372086588,0.037262765733355914
AN18-410-T_S8,AN18-410,1447,2,NA,22/01/2018,wildebeest,tissue,28,28,27,28,1.4,Chapter 1,8 min,6,26.2,,,12,0.89,yes,,anthrax,10579050,0,28932,2916675,6611692,10550118,5275059,5275059,6441486,6509154,73606,0,0,267000710,57.57,71,56,43,99.5,AN18-410-T_S8 ,anthrax,yes,0.6249797477089153,0.2757029222850823
AN18-410-S_S9,AN18-410,1447,2,NA,22/01/2018,wildebeest,swab,24,23,24,24,17.5,Chapter 1,8 min,6,56.8,,,12,2.12,yes,,anthrax,6911668,0,8996,1011817,4997098,6902672,3451336,3451336,4914808,4935364,52738,0,0,291435600,62.84,78,60,46,99.7,AN18-410-S_S9 ,anthrax,yes,0.7229945072593186,0.1463925929312577
AN18-415-B_S20,AN18-415,1447,2,NA,23/01/2018,zebra,blood,30,29,29,30,1,Chapter 1,8 min,6,33.8,,,12,1.05,yes,,anthrax,8813842,0,5816,1895624,3180357,8808026,4404013,4404013,3097808,3118856,55685,0,0,91709277,19.77,26,18,12,61.3,AN18-415-B_S20 ,anthrax,no,0.36083662493609486,0.21507351731515043
AN18-415-S_S21,AN18-415,1447,2,NA,23/01/2018,zebra,swab,27,27,27,27,1,Chapter 1,8 min,6,21.6,,,12,2.38,yes,,anthrax,7526118,0,7180,2266277,6885766,7518938,3759469,3759469,6835756,6857534,21052,0,0,341672241,73.67,90,73,58,99.9,AN18-415-S_S21 ,anthrax,yes,0.9149160297513274,0.30112164066521413
AN18-416-S_S18,AN18-416,1447,2,NA,24/01/2018,zebra,swab,26,26,26,26,2.2,Chapter 1,8 min,6,34.2,,,12,1.77,yes,,anthrax,7636545,0,10989,1988206,5547323,7625556,3812778,3812778,5474384,5512644,23690,0,0,262925919,56.69,71,55,42,99.3,AN18-416-S_S18 ,anthrax,yes,0.7264179023367243,0.2603541261133143
AN18-416-T_S19,AN18-416,1447,2,NA,24/01/2018,zebra,tissue,28,28,26,27,7.8,Chapter 1,8 min,6,36.2,,,12,1.28,yes,,anthrax,6326252,0,1962,857712,2003167,6324290,3162145,3162145,1971226,1977664,23541,0,0,82564753,17.8,25,16,10,53.3,AN18-416-T_S19 ,anthrax,no,0.3166435671547703,0.13557980301764774
AN18-417-S_S17,AN18-417,1447,2,NA,24/01/2018,wildebeest,swab,27,24,25,27,2.3,Chapter 1,8 min,6,29,,,12,2.32,yes,,anthrax,1219789,0,2191,54867,1112564,1217598,608799,608799,1086196,1094360,16013,0,0,76679542,16.53,23,16,11,51.2,AN18-417-S_S17 ,anthrax,no,0.9120954525741747,0.044980730273842445
AN18-418-T_S10,AN18-418,1447,2,NA,24/01/2018,wildebeest,tissue,22,21,22,21,36.7,Chapter 1,8 min,6,93.2,,,12,3.28,yes,,anthrax,5395161,0,4435,465574,3057055,5390726,2695363,2695363,3019364,3033616,19004,0,0,191358398,41.26,52,40,31,98.6,AN18-418-T_S10 ,anthrax,yes,0.5666290588918477,0.08629473708013533
AN18-419-T_S16,AN18-419,1447,2,NA,25/01/2018,wildebeest,tissue,20,19,19,20,24.5,Chapter 1,8 min,6,50.8,,,12,3.2,,,anthrax,6873562,0,15526,415177,6430905,6858036,3429018,3429018,6303738,6366650,48729,0,0,444310629,95.8,118,94,72,99.9,AN18-419-T_S16 ,anthrax,yes,0.9356000571464984,0.060402015723434226
AN18-420-T_S17,AN18-420,1607,5,7,25/01/2018,sheep,tissue,25,25,24,24,40.6,Chapter 1,10 min,7,45.6,,,14,1.41,,,anthrax,4209906,0,30772,108823,745077,4179134,2089567,2089567,700114,700982,13323,0,0,43588292,9.4,13,10,7,13.9,AN18-420-T_S17 ,anthrax,no,0.17698186135272378,0.025849270743812332
AN18-421-T_S7,AN18-421,1607,5,6,25/01/2018,sheep,tissue,23,22,22,23,19.8,Chapter 1,10 min,7,42.8,,,14,3.24,,,anthrax,4290436,0,103606,108779,1408460,4186830,2093415,2093415,1262764,1275992,28862,0,0,84136554,18.14,24,17,12,59.0,AN18-421-T_S7 ,anthrax,no,0.32827899075991346,0.025353833503168444
AN18-423-T_S38,AN18-423,1607,5,5,13/02/2018,sheep,tissue,25,25,24,25,11.9,Chapter 1,10 min,7,39.6,,,14,1.41,,,anthrax,4287752,0,5838,132141,1426619,4281914,2140957,2140957,1400406,1418940,1841,0,0,95062343,20.5,27,20,14,68.5,AN18-423-T_S38 ,anthrax,no,0.33271956960197324,0.03081824695084977
AN18-427-S_S36,AN18-427,1607,5,7,14/02/2018,goat,swab,28,27,28,28,2.65,Chapter 1,10 min,7,29.2,,,14,1.41,,,anthrax,3788617,0,58407,377844,1385902,3730210,1865105,1865105,1305322,1309984,17511,0,0,68491517,14.77,20,15,11,45.5,AN18-427-S_S36 ,anthrax,no,0.36580683663722147,0.09973137955090208
AN18-428-T_S27,AN18-428,1607,5,9,15/02/2018,cow,tissue,25,24,24,25,21.7,Chapter 1,10 min,7,48.9,,,14,1.29,,,anthrax,7683731,0,123317,445557,2091519,7560414,3780207,3780207,1934926,1948088,20114,0,0,110122358,23.74,31,23,17,78.8,AN18-428-T_S27 ,anthrax,no,0.27220096591096177,0.05798706383656586
AN18-431-T_S13,AN18-431,1607,5,3,19/02/2018,sheep,tissue,24,23,24,24,17,Chapter 1,10 min,7,46.4,,,14,2.97,,,anthrax,4011748,0,66018,409942,3200812,3945730,1972865,1972865,2945464,3112896,21898,0,0,199636117,43.04,55,42,30,96.4,AN18-431-T_S13 ,anthrax,yes,0.7978596861019187,0.10218538153443336
AN18-432-T_S23,AN18-432,1607,5,5,19/02/2018,goat,tissue,27,27,26,27,21.9,Chapter 1,10 min,7,48.2,,,14,1.41,,,anthrax,6413796,0,56176,561362,1585675,6357620,3178810,3178810,1303740,1309244,220255,0,0,60282812,13,14,10,7,16.9,AN18-432-T_S23 ,anthrax,no,0.24722878619775246,0.08752414326866648
AN18-433-T_S25,AN18-433,1607,5,3,20/02/2018,sheep,tissue,23,21,20,23,4.46,Chapter 1,10 min,7,45.2,,,14,2.97,,,anthrax,4616999,0,246697,175806,4066886,4370302,2185151,2185151,3704322,3735326,84863,0,0,263822063,56.88,72,54,39,98.7,AN18-433-T_S25 ,anthrax,yes,0.8808505265000057,0.0380779809568943
AN18-434-T_S6,AN18-434,1607,5,8,20/02/2018,sheep,tissue,23,22,22,23,31.2,Chapter 1,10 min,7,32.3,,,14,1.44,,,anthrax,4270431,0,73533,142044,1265470,4196898,2098449,2098449,1168324,1182534,9403,0,0,75967029,16.38,22,16,11,51.3,AN18-434-T_S6 ,anthrax,no,0.29633308675400677,0.033262216389867906
AN18-436-T_S12,AN18-436,1607,5,4,21/02/2018,sheep,tissue,27,26,27,27,13.7,Chapter 1,10 min,7,41.7,,,14,1.51,,,anthrax,5793992,0,9830,33794,175047,5784162,2892081,2892081,156082,157252,7965,0,0,8557934,1.85,4,2,1,0.1,AN18-436-T_S12 ,anthrax,no,0.030211812511995183,0.0058325934864942855
AN18-437-S_S35,AN18-437,1607,5,6,21/02/2018,goat,swab,22,22,21,22,2.4,Chapter 1,10 min,7,31.2,,,14,3.24,,,anthrax,4438962,0,136100,92350,4188571,4302862,2151431,2151431,4033064,4045330,7141,0,0,290904042,62.72,77,62,49,99.7,AN18-437-S_S35 ,anthrax,yes,0.9435924434586284,0.020804413284006486
AN18-438-T_S42,AN18-438,1607,5,1,21/02/2018,sheep,tissue,24,24,24,24,2.79,Chapter 1,10 min,7,40.4,,,14,1.88,,,anthrax,4291321,0,13061,223210,3333694,4278260,2139130,2139130,3262554,3317790,2843,0,0,229775866,49.54,61,49,38,99.3,AN18-438-T_S42 ,anthrax,yes,0.77684563797488,0.052014286509911516
AN18-440-T_S8,AN18-440,1607,5,6,22/02/2018,sheep,tissue,27,25,25,27,13.5,Chapter 1,10 min,7,39.1,,,14,3.24,,,anthrax,2208572,0,20736,27762,316414,2187836,1093918,1093918,291352,294058,1620,0,0,19381975,4.18,7,5,3,0.3,AN18-440-T_S8 ,anthrax,no,0.14326632774480524,0.012570113177202283
AN18-447-S_S30,AN18-447,1447,2,NA,18/05/2018,zebra,swab,24,undetectable,23,24,6.9,Chapter 1,8 min,6,73.6,,,12,4.2,,,anthrax,14047951,0,14067,1381539,13399928,14033884,7016942,7016942,13304044,13355862,29999,0,0,889621069,191.82,234,186,145,100.0,AN18-447-S_S30 ,anthrax,yes,0.9538706392127934,0.09834452013678009
AN18-447-B_S31,AN18-447,1447,2,NA,18/05/2018,zebra,blood,24,24,23,24,1.5,Chapter 1,8 min,6,52,,,12,8.3,,,anthrax,19550082,0,20242,1510846,18998952,19529840,9764920,9764920,18867028,18937450,41260,0,0,1299900241,280.28,373,242,159,100.0,AN18-447-B_S31 ,anthrax,yes,0.971809325403341,0.07728080117515619
ANTH2-T_S43,ANTH-2,1447,2,NA,23/11/2016,cow,tissue,23,21,21,23,1.93,Chapter 1,8 min,6,61.8,,,12,14.2,,,anthrax,20795796,0,164016,1943690,20544338,20631780,10315890,10315890,19589280,20348580,31742,0,0,1368565902,295.09,345,292,243,100.0,ANTH2-T_S43 ,anthrax,yes,0.9879082291440059,0.09346552543600639
ANTH4-T_S44,ANTH-4,1447,2,NA,23/11/2016,cow,tissue,25,24,25,25,2.58,Chapter 1,8 min,6,35,,,12,2.3,,,anthrax,6596944,0,34984,501666,5453425,6561960,3280980,3280980,5250944,5344594,73847,0,0,362282802,78.11,96,76,59,99.9,ANTH4-T_S44 ,anthrax,yes,0.8266592834500338,0.07604521123720316
LNA-1S-T_S2,LNA-1,1447,1,NA,07/10/2016,sheep,tissue,35,32,35,35,15,Chapter 1,8 min,5,0.497,yes,2.44,12,0.3,yes,,anthrax,5830171,0,1381,3755378,4810614,5828790,2914395,2914395,4799114,4806180,3053,0,0,75990451,16.38,23,15,9,47.5,LNA-1S-T_S2 ,anthrax,no,0.8251239972206648,0.6441282768550013
not-sequenced,LNA-2,not-sequenced,1,NA,07/10/2016,goat,tissue,22,21,20,22,5.7,Chapter 1,8 min,5,0.134,yes,undetectable,12,0.18,yes,no evidence of lib,anthrax,NA,NA,NA,NA,NA,NA,NA,NA,NA,NA,NA,NA,NA,NA,NA,NA,NA,NA,NA,NA,NA,NA,NA,NA
anthrax-raw_S11,MNA-S_S11,1342,trial,NA,?-?-2016,unknown,tissue,20,19,20,20,3,Chapter 1,8 min,5,31.6,,,12,13.6,,,anthrax,20079678,0,441446,891437,19798580,19638232,9819116,9819116,19161042,19273352,83782,0,0,1365251625,294.37,356,290,229,100.0,anthrax-raw_S11 ,anthrax,yes,0.9860008711295072,0.0443949848199757
not-sequenced,NOB,not-sequenced,3,NA,27/09/2016,sheep,tissue,21,20,20,21,0.3,Chapter 1,8 min,6,undetectable,,,NA,NA,,,anthrax,NA,NA,NA,NA,NA,NA,NA,NA,NA,NA,NA,NA,NA,NA,NA,NA,NA,NA,NA,NA,NA,NA,NA,NA
